Name,Number,Lastname,Adress,City
saiesh,34567,chauhan,amla,bhopal
arvind,3456567788,chauhan,ama,bhopa
saiesh,34567,chauhan,amla,bhopal
arvind,3456567788,chauhan,ama,bhopa
ELEPHANT,345,ANIMAL,AMLA,BHOPA
saiesh,34567,chauhan,amla,bhopal
arvind,3456567788,chauhan,ama,bhopa
saiesh,34567,chauhan,amla,bhopal
arvind,3456567788,chauhan,ama,bhopa
ELEPHANT,345,ANIMAL,AMLA,BHOPA
samson,123,englis,amla,betul
saiesh,34567,chauhan,amla,bhopal
arvind,3456567788,chauhan,ama,bhopa
saiesh,34567,chauhan,amla,bhopal
arvind,3456567788,chauhan,ama,bhopa
ELEPHANT,345,ANIMAL,AMLA,BHOPA
saiesh,34567,chauhan,amla,bhopal
arvind,3456567788,chauhan,ama,bhopa
saiesh,34567,chauhan,amla,bhopal
arvind,3456567788,chauhan,ama,bhopa
ELEPHANT,345,ANIMAL,AMLA,BHOPA
samson,123,englis,amla,betul
george,123,english,ama,betul
saiesh,34567,chauhan,amla,bhopal
arvind,3456567788,chauhan,ama,bhopa
saiesh,34567,chauhan,amla,bhopal
arvind,3456567788,chauhan,ama,bhopa
ELEPHANT,345,ANIMAL,AMLA,BHOPA
saiesh,34567,chauhan,amla,bhopal
arvind,3456567788,chauhan,ama,bhopa
saiesh,34567,chauhan,amla,bhopal
arvind,3456567788,chauhan,ama,bhopa
ELEPHANT,345,ANIMAL,AMLA,BHOPA
samson,123,englis,amla,betul
saiesh,34567,chauhan,amla,bhopal
arvind,3456567788,chauhan,ama,bhopa
saiesh,34567,chauhan,amla,bhopal
arvind,3456567788,chauhan,ama,bhopa
ELEPHANT,345,ANIMAL,AMLA,BHOPA
saiesh,34567,chauhan,amla,bhopal
arvind,3456567788,chauhan,ama,bhopa
saiesh,34567,chauhan,amla,bhopal
arvind,3456567788,chauhan,ama,bhopa
ELEPHANT,345,ANIMAL,AMLA,BHOPA
samson,123,englis,amla,betul
george,123,english,ama,betul
Michael,12345,sharma,amla,betul
saiesh,34567,chauhan,amla,bhopal
arvind,3456567788,chauhan,ama,bhopa
saiesh,34567,chauhan,amla,bhopal
arvind,3456567788,chauhan,ama,bhopa
ELEPHANT,345,ANIMAL,AMLA,BHOPA
saiesh,34567,chauhan,amla,bhopal
arvind,3456567788,chauhan,ama,bhopa
saiesh,34567,chauhan,amla,bhopal
arvind,3456567788,chauhan,ama,bhopa
ELEPHANT,345,ANIMAL,AMLA,BHOPA
samson,123,englis,amla,betul
saiesh,34567,chauhan,amla,bhopal
arvind,3456567788,chauhan,ama,bhopa
saiesh,34567,chauhan,amla,bhopal
arvind,3456567788,chauhan,ama,bhopa
ELEPHANT,345,ANIMAL,AMLA,BHOPA
saiesh,34567,chauhan,amla,bhopal
arvind,3456567788,chauhan,ama,bhopa
saiesh,34567,chauhan,amla,bhopal
arvind,3456567788,chauhan,ama,bhopa
ELEPHANT,345,ANIMAL,AMLA,BHOPA
samson,123,englis,amla,betul
george,123,english,ama,betul
saiesh,34567,chauhan,amla,bhopal
arvind,3456567788,chauhan,ama,bhopa
saiesh,34567,chauhan,amla,bhopal
arvind,3456567788,chauhan,ama,bhopa
ELEPHANT,345,ANIMAL,AMLA,BHOPA
saiesh,34567,chauhan,amla,bhopal
arvind,3456567788,chauhan,ama,bhopa
saiesh,34567,chauhan,amla,bhopal
arvind,3456567788,chauhan,ama,bhopa
ELEPHANT,345,ANIMAL,AMLA,BHOPA
samson,123,englis,amla,betul
saiesh,34567,chauhan,amla,bhopal
arvind,3456567788,chauhan,ama,bhopa
saiesh,34567,chauhan,amla,bhopal
arvind,3456567788,chauhan,ama,bhopa
ELEPHANT,345,ANIMAL,AMLA,BHOPA
saiesh,34567,chauhan,amla,bhopal
arvind,3456567788,chauhan,ama,bhopa
saiesh,34567,chauhan,amla,bhopal
arvind,3456567788,chauhan,ama,bhopa
ELEPHANT,345,ANIMAL,AMLA,BHOPA
samson,123,englis,amla,betul
george,123,english,ama,betul
Michael,12345,sharma,amla,betul
Ramesh,22344556,harode,ama,bhopa;
umesh,2345,harode,amla,betul
